                  epoch,         train/box_loss,         train/cls_loss,         train/dfl_loss,   metrics/precision(B),      metrics/recall(B),       metrics/mAP50(B),    metrics/mAP50-95(B),           val/box_loss,           val/cls_loss,           val/dfl_loss,                 lr/pg0,                 lr/pg1,                 lr/pg2
                      1,                0.93578,                 3.2466,                 1.3388,                 0.7189,                0.91667,                0.92025,                0.65871,                 1.4013,                 1.2424,                 1.2409,                      0,                      0,                      0
                      2,                 1.2954,                   2.64,                 1.6276,                0.75638,                0.91667,                0.92091,                0.64218,                 1.4175,                 1.2622,                 1.2465,             9.5438e-07,             9.5438e-07,             9.5438e-07
                      3,                 1.3538,                  3.491,                 1.7218,                0.72766,                0.91667,                0.92344,                0.62631,                 1.4246,                  1.299,                 1.2528,             1.4375e-06,             1.4375e-06,             1.4375e-06
                      4,                 1.3471,                  3.436,                 1.7052,                0.63486,                0.91667,                0.92368,                0.62142,                 1.4478,                 1.3389,                 1.2648,             1.4494e-06,             1.4494e-06,             1.4494e-06
                      5,                 1.0257,                  2.228,                 1.2825,                0.63427,                0.91667,                0.92177,                0.61587,                 1.4553,                 1.3598,                 1.2667,             9.9008e-07,             9.9008e-07,             9.9008e-07
