                  epoch,         train/box_loss,         train/cls_loss,         train/dfl_loss,   metrics/precision(B),      metrics/recall(B),       metrics/mAP50(B),    metrics/mAP50-95(B),           val/box_loss,           val/cls_loss,           val/dfl_loss,                 lr/pg0,                 lr/pg1,                 lr/pg2
                      1,                0.97927,                 3.4646,                 1.3564,                0.60873,                0.89569,                0.88831,                 0.6223,                 1.4116,                 1.3258,                 1.2507,                      0,                      0,                      0
                      2,                 1.3627,                 2.8458,                 1.6623,                0.60103,                0.88641,                0.88791,                0.63471,                  1.454,                  1.351,                 1.2631,             9.5438e-07,             9.5438e-07,             9.5438e-07
                      3,                  1.294,                 3.5829,                 1.6973,                0.53663,                0.84049,                0.83161,                 0.5996,                 1.4572,                 1.3787,                 1.2748,             1.4375e-06,             1.4375e-06,             1.4375e-06
                      4,                 1.3879,                 3.7013,                 1.7301,                0.55491,                0.83333,                0.83143,                0.59764,                 1.4812,                 1.4152,                 1.2837,             1.4494e-06,             1.4494e-06,             1.4494e-06
                      5,                 1.0313,                 2.3605,                 1.2805,                0.57672,                0.83333,                0.87297,                0.59672,                 1.4904,                 1.4467,                 1.2884,             9.9008e-07,             9.9008e-07,             9.9008e-07
